,ID,Unnamed: 0,Latitude,Longitude,State
0,6330.0,126379,39.4723,75.9983,新疆维吾尔自治区
1,6334.0,126459,39.7048,76.1634,新疆维吾尔自治区
2,6391.0,127599,46.7497,82.9838,新疆维吾尔自治区
3,6451.0,128799,43.93,81.3068,新疆维吾尔自治区
4,6454.0,128859,46.5228,83.6249,新疆维吾尔自治区
5,6467.0,129119,38.4236,77.2414,新疆维吾尔自治区
6,6516.0,130099,37.8833,77.4163,新疆维吾尔自治区
7,6551.0,130799,41.1699,80.2746,新疆维吾尔自治区
8,6606.0,131899,45.5907,84.8724,新疆维吾尔自治区
9,6638.0,132539,41.7943,81.8758,新疆维吾尔自治区
10,6663.0,133039,40.5457,81.2759,新疆维吾尔自治区
11,6670.0,133179,44.4227,84.6833,新疆维吾尔自治区
12,6678.0,133339,47.8463,88.1333,新疆维吾尔自治区
13,6695.0,133679,44.4205,84.9011,新疆维吾尔自治区
14,6722.0,134219,41.7151,82.9601,新疆维吾尔自治区
15,6725.0,134279,37.2695,79.7401,新疆维吾尔自治区
16,6740.0,134579,37.1419,79.8183,新疆维吾尔自治区
17,6749.0,134759,37.1097,79.9283,新疆维吾尔自治区
18,6807.0,135919,44.3211,86.0421,新疆维吾尔自治区
19,7030.0,140379,44.0091,87.2853,新疆维吾尔自治区
20,7046.0,140699,36.8601,81.6746,新疆维吾尔自治区
21,7056.0,140899,44.1593,87.5338,新疆维吾尔自治区
22,7089.0,141539,43.86,87.5981,新疆维吾尔自治区
23,7131.0,142379,44.1497,87.9835,新疆维吾尔自治区
24,7170.0,143159,41.7686,86.14,新疆维吾尔自治区
25,7200.0,143759,42.064,86.5698,新疆维吾尔自治区
26,7412.0,147999,44.0233,89.5835,新疆维吾尔自治区
27,7509.0,149939,42.9455,89.1614,新疆维吾尔自治区
28,8334.0,166439,42.8372,93.5113,新疆维吾尔自治区
29,9065.0,181059,40.1363,94.6975,甘肃省
30,9370.0,187159,29.2647,88.8856,西藏自治区 - བོད་རང་སྐྱོང་ལྗོངས།
31,9606.0,191859,36.4363,94.8205,青海省
32,9616.0,192039,36.4133,94.8935,青海省
33,9681.0,193339,39.7885,98.2789,甘肃省
34,9682.0,193359,31.4763,92.0554,西藏自治区 - བོད་རང་སྐྱོང་ལྗོངས།
35,9692.0,193559,29.659,91.1069,西藏自治区 - བོད་རང་སྐྱོང་ལྗོངས།
36,9728.0,194279,39.7401,98.5397,甘肃省
37,9991.0,199419,38.9359,100.458,甘肃省
38,10116.0,201839,38.5066,102.187,甘肃省
39,10142.0,202339,38.6238,103.092,甘肃省
40,10147.0,202419,37.9426,102.609,甘肃省
41,10150.0,202479,36.8988,101.728,青海省
42,10155.0,202579,36.6619,101.669,青海省
43,10156.0,202599,36.6247,101.774,青海省
44,10168.0,202839,49.5903,117.448,内蒙古自治区
45,10170.0,202879,36.329,102.803,青海省
46,10171.0,202899,40.8846,107.142,内蒙古自治区
47,10174.0,202959,40.7628,107.402,内蒙古自治区
48,10175.0,202979,40.328,107.002,内蒙古自治区
49,10176.0,202999,35.7063,102.866,甘肃省
50,10177.0,203019,38.8399,105.7,内蒙古自治区
51,10178.0,203039,36.1513,103.424,甘肃省
52,10179.0,203059,39.8288,106.908,内蒙古自治区
53,10181.0,203099,36.0793,103.766,甘肃省
54,10182.0,203119,35.6002,103.219,甘肃省
55,10183.0,203139,39.6674,106.815,内蒙古自治区
56,10185.0,203179,41.0951,108.259,内蒙古自治区
57,10186.0,203199,36.5459,104.16,甘肃省
58,10187.0,203219,39.022,106.371,宁夏回族自治区
59,10189.0,203259,34.9966,102.917,甘肃省
60,10192.0,203319,37.5067,105.195,宁夏回族自治区
61,10195.0,203379,39.2251,106.766,宁夏回族自治区
62,10196.0,203399,38.486,106.235,宁夏回族自治区
63,10197.0,203419,36.0099,103.957,甘肃省
64,10198.0,203439,38.9017,106.544,宁夏回族自治区
65,10199.0,203459,39.372,107.021,内蒙古自治区
66,10203.0,203539,36.7285,104.809,甘肃省
67,10204.0,203559,35.8551,104.111,甘肃省
68,10205.0,203579,38.2724,106.244,宁夏回族自治区
69,10207.0,203619,38.0185,106.083,宁夏回族自治区
70,10208.0,203639,35.3802,103.855,甘肃省
71,10209.0,203659,37.4928,105.673,宁夏回族自治区
72,10212.0,203719,43.6465,111.978,内蒙古自治区
73,10213.0,203739,37.9826,106.197,宁夏回族自治区
74,10215.0,203779,38.0941,106.347,宁夏回族自治区
75,10219.0,203859,49.221,119.744,内蒙古自治区
76,10228.0,204039,35.5777,104.613,甘肃省
77,10232.0,204119,36.9822,105.912,宁夏回族自治区
78,10235.0,204179,36.556,105.64,宁夏回族自治区
79,10237.0,204219,39.8288,108.73,内蒙古自治区
80,10243.0,204339,27.8299,99.7098,云南省
81,10244.0,204359,40.6332,109.893,内蒙古自治区
82,10251.0,204499,49.2801,120.721,内蒙古自治区
83,10252.0,204519,34.984,104.66,甘肃省
84,10255.0,204579,24.0032,97.8785,云南省
85,10264.0,204759,25.0267,98.4952,云南省
86,10267.0,204819,35.9677,105.733,宁夏回族自治区
87,10270.0,204879,37.7822,107.396,宁夏回族自治区
88,10273.0,204939,40.3966,110.009,内蒙古自治区
89,10279.0,205059,34.756,105.024,甘肃省
90,10282.0,205119,35.528,105.724,甘肃省
91,10286.0,205199,37.5915,107.591,陕西省
92,10288.0,205239,40.555,110.52,内蒙古自治区
93,10289.0,205259,36.0113,106.275,宁夏回族自治区
94,10291.0,205299,34.7523,105.318,甘肃省
95,10293.0,205339,25.1313,99.1929,云南省
96,10296.0,205399,41.5274,111.692,内蒙古自治区
97,10299.0,205459,39.8171,109.988,内蒙古自治区
98,10300.0,205479,39.5854,109.764,内蒙古自治区
99,10302.0,205519,26.8876,100.223,云南省
100,10305.0,205579,34.8656,105.665,甘肃省
101,10309.0,205659,40.72,111.128,内蒙古自治区
102,10311.0,205699,35.2114,106.053,甘肃省
103,10314.0,205759,50.4261,124.113,黑龙江省
104,10316.0,205799,34.5764,105.736,甘肃省
105,10320.0,205879,34.0137,105.296,甘肃省
106,10322.0,205919,33.3947,104.918,甘肃省
107,10323.0,205939,40.8172,111.662,内蒙古自治区
108,10326.0,205999,35.5414,106.68,甘肃省
109,10327.0,206019,34.5579,105.887,甘肃省
110,10329.0,206059,25.6453,100.203,云南省
111,10330.0,206079,34.7536,106.118,甘肃省
112,10333.0,206139,40.2742,111.204,内蒙古自治区
113,10336.0,206199,35.2134,106.63,甘肃省
114,10337.0,206219,37.5935,108.802,陕西省
115,10338.0,206239,29.5005,102.621,四川省
116,10339.0,206259,29.7889,102.827,四川省
117,10340.0,206279,30.9943,103.646,四川省
118,10341.0,206299,29.996,102.995,四川省
119,10342.0,206319,24.5898,99.9269,云南省
120,10343.0,206339,25.8099,100.581,云南省
121,10345.0,206379,37.9595,109.285,陕西省
122,10346.0,206399,33.7478,105.737,甘肃省
123,10347.0,206419,30.5774,103.528,四川省
124,10348.0,206439,39.8617,111.233,内蒙古自治区
125,10349.0,206459,30.4108,103.456,四川省
126,10350.0,206479,25.3425,100.478,云南省
127,10351.0,206499,25.477,100.557,云南省
128,10352.0,206519,40.3723,111.791,内蒙古自治区
129,10353.0,206539,38.2902,109.734,陕西省
130,10354.0,206559,30.6892,104.035,四川省
131,10356.0,206599,38.2159,109.756,陕西省
132,10357.0,206619,30.9782,103.945,四川省
133,10358.0,206639,34.8861,106.856,陕西省
134,10359.0,206659,24.4478,100.141,云南省
135,10360.0,206679,31.3483,104.208,四川省
136,10362.0,206719,35.7278,107.642,甘肃省
137,10364.0,206739,38.828,110.498,陕西省
138,10365.0,206759,36.0037,107.879,甘肃省
139,10366.0,206779,31.1296,104.171,四川省
140,10367.0,206799,43.94,116.068,内蒙古自治区
141,10368.0,206819,29.903,103.376,四川省
142,10369.0,206839,30.4165,103.787,四川省
143,10370.0,206859,27.8901,102.253,四川省
144,10371.0,206879,31.7767,104.749,四川省
145,10372.0,206899,23.8909,100.094,云南省
146,10373.0,206919,39.3823,111.158,山西省
147,10374.0,206939,31.1309,104.379,四川省
148,10376.0,206979,30.9791,104.277,四川省
149,10377.0,206999,31.4722,104.719,四川省
150,10378.0,207019,41.5586,113.555,内蒙古自治区
151,10379.0,207039,31.5448,104.704,四川省
152,10380.0,207059,26.624,101.649,四川省
153,10381.0,207079,40.5277,112.488,内蒙古自治区
154,10382.0,207099,49.7386,124.61,内蒙古自治区
155,10383.0,207119,39.0359,111.059,陕西省
156,10385.0,207159,41.897,114.006,内蒙古自治区
157,10386.0,207179,29.7401,103.582,四川省
158,10387.0,207199,30.1996,103.87,四川省
159,10388.0,207219,29.6027,103.494,四川省
160,10389.0,207239,26.547,101.726,四川省
161,10390.0,207259,41.0166,113.113,内蒙古自治区
162,10391.0,207279,27.3999,102.184,四川省
163,10392.0,207299,30.0448,103.839,四川省
164,10393.0,207319,33.3363,106.15,陕西省
165,10394.0,207339,39.4359,111.5,山西省
166,10396.0,207379,30.8503,104.436,四川省
167,10397.0,207399,25.7301,101.325,云南省
168,10399.0,207439,30.8321,104.42,四川省
169,10400.0,207459,34.3631,107.241,陕西省
170,10401.0,207479,30.6052,104.302,四川省
171,10402.0,207499,29.409,103.547,四川省
172,10403.0,207519,29.5938,103.73,四川省
173,10406.0,207559,22.5606,99.9324,云南省
174,10407.0,207579,31.6278,105.156,四川省
175,10409.0,207599,37.7516,110.172,陕西省
176,10410.0,207619,34.5283,107.397,陕西省
177,10411.0,207639,37.1365,109.663,陕西省
178,10412.0,207659,29.4573,103.785,四川省
179,10413.0,207679,32.4686,105.838,四川省
180,10414.0,207699,29.9956,104.145,四川省
181,10419.0,207759,32.4223,105.895,四川省
182,10421.0,207799,30.3988,104.539,四川省
183,10422.0,207819,26.6564,102.247,四川省
184,10424.0,207859,29.6546,104.065,四川省
185,10425.0,207879,38.4653,111.128,山西省
186,10426.0,207899,41.8489,114.603,河北省
187,10428.0,207919,23.5,100.708,云南省
188,10429.0,207939,40.4337,113.145,内蒙古自治区
189,10430.0,207959,25.0396,101.552,云南省
190,10431.0,207979,37.5032,110.259,陕西省
191,10432.0,207999,48.0035,122.737,内蒙古自治区
192,10433.0,208019,40.0125,112.707,山西省
193,10434.0,208039,36.5723,109.475,陕西省
194,10435.0,208059,34.3194,107.588,陕西省
195,10436.0,208079,33.1512,106.679,陕西省
196,10437.0,208099,29.2065,103.947,四川省
197,10439.0,208139,39.5231,112.291,山西省
198,10440.0,208159,36.6304,109.53,陕西省
199,10441.0,208179,30.1233,104.633,四川省
200,10446.0,208259,30.6282,105.052,四川省
201,10447.0,208279,37.9675,110.996,山西省
202,10448.0,208299,34.368,107.881,陕西省
203,10449.0,208319,32.233,106.286,四川省
204,10450.0,208339,28.2464,103.641,云南省
205,10451.0,208359,31.742,105.937,四川省
206,10452.0,208379,29.4518,104.418,四川省
207,10453.0,208399,39.3291,112.435,山西省
208,10455.0,208419,33.0987,107.019,陕西省
209,10456.0,208439,40.0611,113.256,山西省
210,10457.0,208459,33.0024,106.929,陕西省
211,10458.0,208479,26.9172,102.925,云南省
212,10459.0,208499,30.2829,105.021,四川省
213,10462.0,208539,28.6006,103.965,云南省
214,10463.0,208559,33.0329,107.023,陕西省
215,10464.0,208579,31.5839,105.974,四川省
216,10466.0,208619,25.1481,102.069,云南省
217,10467.0,208639,34.5275,108.245,陕西省
218,10468.0,208659,23.0591,101.042,云南省
219,10470.0,208699,39.8149,113.104,山西省
220,10471.0,208719,39.5188,112.824,山西省
221,10472.0,208739,34.2687,108.078,陕西省
222,10473.0,208759,22.7864,100.971,云南省
223,10475.0,208779,49.1672,125.22,黑龙江省
224,10476.0,208799,29.7715,104.852,四川省
225,10477.0,208819,40.3554,113.74,山西省
226,10478.0,208839,37.4342,110.887,山西省
227,10481.0,208899,33.1552,107.32,陕西省
228,10482.0,208919,29.3558,104.756,四川省
229,10483.0,208939,41.1529,114.711,河北省
230,10484.0,208959,34.2534,108.248,陕西省
231,10485.0,208979,34.4846,108.422,陕西省
232,10486.0,208999,31.3517,106.056,四川省
233,10487.0,209019,22.0175,100.797,云南省
234,10488.0,209039,34.1699,108.214,陕西省
235,10490.0,209079,40.0333,113.599,山西省
236,10491.0,209099,32.3464,106.825,四川省
237,10493.0,209119,37.5164,111.138,山西省
238,10494.0,209139,30.9958,105.891,四川省
239,10495.0,209159,30.5186,105.586,四川省
240,10496.0,209179,38.3561,111.94,山西省
241,10498.0,209199,33.2116,107.539,陕西省
242,10499.0,209219,39.5551,113.185,山西省
243,10500.0,209239,34.2969,108.451,陕西省
244,10501.0,209259,28.6324,104.401,云南省
245,10502.0,209279,30.1065,105.347,四川省
246,10503.0,209299,40.417,114.092,山西省
247,10504.0,209319,34.9016,108.95,陕西省
248,10505.0,209339,29.5973,105.058,四川省
249,10506.0,209359,27.1888,103.555,云南省
250,10507.0,209379,35.0829,109.086,陕西省
251,10509.0,209419,27.3359,103.715,云南省
252,10511.0,209459,28.7639,104.604,四川省
253,10513.0,209499,31.5161,106.399,四川省
254,10514.0,209519,37.3576,111.174,山西省
255,10515.0,209539,31.7908,106.634,四川省
256,10516.0,209559,24.0698,101.99,云南省
257,10517.0,209579,26.4078,103.259,云南省
258,10518.0,209599,24.9203,102.482,云南省
259,10519.0,209619,23.429,101.685,云南省
260,10522.0,209659,31.2673,106.292,四川省
261,10523.0,209679,30.8784,106.054,四川省
262,10524.0,209699,31.8527,106.78,四川省
263,10525.0,209719,26.812,103.508,云南省
264,10526.0,209739,29.1794,104.977,四川省
265,10527.0,209759,40.7588,114.759,河北省
266,10528.0,209779,30.7911,106.083,四川省
267,10529.0,209799,28.4354,104.514,四川省
268,10530.0,209819,26.0908,103.179,云南省
269,10532.0,209839,27.6094,104.038,云南省
270,10533.0,209859,25.0348,102.731,云南省
271,10534.0,209879,43.602,118.049,内蒙古自治区
272,10535.0,209899,40.7907,114.884,河北省
273,10536.0,209919,34.2613,108.917,陕西省
274,10537.0,209939,34.1112,108.604,陕西省
275,10538.0,209959,39.6995,113.692,山西省
276,10539.0,209979,38.7313,112.724,山西省
277,10540.0,209999,30.8573,106.169,四川省
278,10542.0,210019,48.4769,124.861,黑龙江省
279,10543.0,210039,32.9822,107.756,陕西省
280,10544.0,210059,47.3294,123.171,黑龙江省
281,10545.0,210079,40.1119,114.155,河北省
282,10546.0,210099,34.75,109.175,陕西省
283,10547.0,210119,34.059,108.616,陕西省
284,10550.0,210159,39.1869,113.266,山西省
285,10551.0,210179,34.4663,108.99,陕西省
286,10552.0,210199,28.4531,104.706,四川省
287,10554.0,210219,30.174,105.826,重庆市
288,10555.0,210239,35.1799,109.593,陕西省
289,10556.0,210259,29.341,105.287,四川省
290,10557.0,210279,28.8419,104.983,四川省
291,10558.0,210299,26.5601,103.618,云南省
292,10560.0,210319,24.3758,102.534,云南省
293,10561.0,210339,24.8849,102.814,云南省
294,10562.0,210359,37.9164,112.175,山西省
295,10563.0,210379,28.5855,104.916,四川省
296,10564.0,210399,34.0507,108.81,陕西省
297,10565.0,210419,31.0756,106.566,四川省
298,10566.0,210439,34.9554,109.584,陕西省
299,10567.0,210459,38.419,112.731,山西省
300,10568.0,210479,31.9164,107.241,四川省
301,10570.0,210499,29.6901,105.726,重庆市
302,10571.0,210519,29.154,105.365,四川省
303,10573.0,210559,40.6018,115.057,河北省
304,10575.0,210579,30.1003,106.044,重庆市
305,10577.0,210619,29.4086,105.603,重庆市
306,10578.0,210639,31.5701,107.095,四川省
307,10580.0,210679,24.6429,102.907,云南省
308,10581.0,210699,29.5681,105.757,重庆市
309,10582.0,210719,24.3082,102.751,云南省
310,10583.0,210739,37.2656,111.788,山西省
311,10584.0,210759,35.1686,109.934,陕西省
312,10587.0,210779,23.713,102.489,云南省
313,10588.0,210799,39.7652,114.285,山西省
314,10589.0,210819,37.8514,112.545,山西省
315,10590.0,210839,34.4957,109.479,陕西省
316,10592.0,210859,37.5377,112.133,山西省
317,10593.0,210879,28.923,105.454,四川省
318,10594.0,210899,37.4624,112.067,山西省
319,10595.0,210919,37.1387,111.789,山西省
320,10596.0,210939,24.9286,103.153,云南省
321,10598.0,210979,28.777,105.365,四川省
322,10599.0,210999,29.8429,106.076,重庆市
323,10600.0,211019,28.8326,105.403,四川省
324,10601.0,211039,46.7217,122.901,内蒙古自治区
325,10602.0,211059,27.0588,104.348,贵州省
326,10603.0,211079,47.2009,123.627,黑龙江省
327,10604.0,211099,43.5253,118.67,内蒙古自治区
328,10605.0,211119,46.0724,122.058,内蒙古自治区
329,10609.0,211179,34.1515,109.315,陕西省
330,10610.0,211199,29.9734,106.273,重庆市
331,10611.0,211219,37.6008,112.328,山西省
332,10612.0,211239,30.4779,106.628,四川省
333,10613.0,211259,47.3386,123.972,黑龙江省
334,10614.0,211279,35.9791,110.862,山西省
335,10615.0,211299,35.4648,110.437,陕西省
336,10616.0,211319,39.836,114.581,河北省
337,10617.0,211339,29.3509,105.909,重庆市
338,10618.0,211359,28.307,105.234,四川省
339,10619.0,211379,39.4438,114.225,山西省
340,10620.0,211399,34.8075,109.934,陕西省
341,10621.0,211419,37.0321,111.913,山西省
342,10622.0,211439,24.7681,103.278,云南省
343,10623.0,211459,30.8355,106.968,四川省
344,10624.0,211479,34.4942,109.747,陕西省
345,10625.0,211499,27.8485,105.046,云南省
346,10626.0,211519,26.2319,104.122,云南省
347,10627.0,211539,37.2026,112.176,山西省
348,10628.0,211559,35.59,110.71,山西省
349,10629.0,211579,37.3615,112.323,山西省
350,10630.0,211599,25.5181,103.809,云南省
351,10631.0,211619,23.6292,102.835,云南省
352,10632.0,211639,30.3776,106.76,四川省
353,10633.0,211659,27.4286,104.871,云南省
354,10634.0,211679,29.5866,106.224,重庆市
355,10635.0,211699,27.1136,104.71,贵州省
356,10636.0,211719,37.6875,112.723,山西省
357,10637.0,211739,29.8112,106.415,重庆市
358,10638.0,211759,29.6116,106.313,重庆市
359,10639.0,211779,32.079,108.036,四川省
360,10640.0,211799,29.4764,106.233,重庆市
361,10641.0,211819,40.402,115.516,河北省
362,10642.0,211839,36.5742,111.733,山西省
363,10643.0,211859,28.8127,105.844,四川省
364,10644.0,211879,27.4224,104.968,云南省
365,10645.0,211899,28.1698,105.431,四川省
366,10646.0,211919,25.0283,103.656,云南省
367,10647.0,211939,31.2055,107.485,四川省
368,10648.0,211959,28.5938,105.709,四川省
369,10649.0,211979,26.7693,104.633,贵州省
370,10650.0,211999,37.4191,112.548,山西省
371,10651.0,212019,45.3796,121.559,内蒙古自治区
372,10652.0,212039,29.8106,106.514,重庆市
373,10653.0,212059,29.6504,106.427,重庆市
374,10655.0,212099,25.0503,103.75,云南省
375,10656.0,212119,35.6036,110.971,山西省
376,10657.0,212139,29.2779,106.268,重庆市
377,10658.0,212159,24.4122,103.423,云南省
378,10659.0,212179,34.552,110.104,陕西省
379,10660.0,212199,30.7425,107.211,四川省
380,10661.0,212219,30.3379,106.925,四川省
381,10662.0,212239,29.4976,106.369,重庆市
382,10664.0,212279,29.5539,106.526,重庆市
383,10665.0,212299,36.0976,111.439,山西省
384,10666.0,212319,29.0668,106.127,重庆市
385,10668.0,212359,47.884,125.296,黑龙江省
386,10669.0,212379,37.8925,113.162,山西省
387,10670.0,212399,36.2651,111.621,山西省
388,10671.0,212419,36.0775,111.521,山西省
389,10672.0,212439,34.8716,110.458,山西省
390,10673.0,212459,31.36,107.715,四川省
391,10676.0,212519,36.2442,111.678,山西省
392,10677.0,212539,32.7377,108.799,陕西省
393,10678.0,212559,41.2065,116.64,河北省
394,10679.0,212579,38.0869,113.411,山西省
395,10680.0,212599,26.6843,104.812,贵州省
396,10681.0,212619,39.3646,114.707,河北省
397,10682.0,212639,25.6861,104.261,云南省
398,10683.0,212659,23.7242,103.253,云南省
399,10685.0,212699,35.145,110.773,山西省
400,10688.0,212759,35.6098,111.236,山西省
401,10689.0,212779,26.5766,104.856,贵州省
402,10691.0,212819,32.7046,109.009,陕西省
403,10692.0,212839,23.3534,103.149,云南省
404,10693.0,212859,40.4542,115.975,北京|北京
405,10694.0,212879,24.5362,103.76,云南省
406,10695.0,212899,27.3023,105.285,贵州省
407,10696.0,212919,35.6173,111.347,山西省
408,10698.0,212959,46.4007,123.417,黑龙江省
409,10699.0,212979,44.5489,120.903,内蒙古自治区
410,10700.0,212999,31.3617,107.989,四川省
411,10701.0,213019,48.0265,125.862,黑龙江省
412,10702.0,213039,41.9456,117.757,河北省
413,10703.0,213059,28.0418,105.819,四川省
414,10704.0,213079,25.7142,104.47,贵州省
415,10705.0,213099,33.8664,109.939,陕西省
416,10707.0,213119,37.8587,113.543,山西省
417,10708.0,213139,34.097,110.139,陕西省
418,10709.0,213159,30.3254,107.347,重庆市
419,10710.0,213179,35.355,111.221,山西省
420,10711.0,213199,35.0516,111.007,山西省
421,10712.0,213219,35.6443,111.47,山西省
422,10713.0,213239,34.6968,110.685,山西省
423,10714.0,213259,42.9275,119.014,内蒙古自治区
424,10715.0,213279,29.8465,107.071,重庆市
425,10716.0,213299,23.3678,103.384,云南省
426,10717.0,213319,35.9672,111.84,山西省
427,10719.0,213359,29.9585,107.201,重庆市
428,10721.0,213399,48.2449,126.495,黑龙江省
429,10722.0,213419,35.7355,111.704,山西省
430,10723.0,213439,29.0375,106.656,重庆市
431,10724.0,213459,28.3141,106.201,贵州省
432,10725.0,213479,26.6555,105.197,贵州省
433,10727.0,213519,37.7917,113.615,山西省
434,10728.0,213539,33.5305,109.895,陕西省
435,10729.0,213559,29.9532,107.258,重庆市
436,10730.0,213579,35.1329,111.214,山西省
437,10731.0,213599,32.8311,109.356,陕西省
438,10732.0,213619,30.6647,107.78,重庆市
439,10734.0,213639,22.7836,103.228,云南省
440,10735.0,213659,37.06,112.965,山西省
441,10736.0,213679,36.7554,112.691,山西省
442,10737.0,213699,24.8915,104.313,云南省
443,10739.0,213739,27.156,105.596,贵州省
444,10740.0,213759,26.7723,105.381,贵州省
445,10742.0,213799,38.248,114.194,河北省
446,10743.0,213819,40.2063,116.214,北京|北京
447,10744.0,213839,29.6683,107.21,重庆市
448,10745.0,213859,39.8977,116.348,北京|北京
449,10746.0,213879,45.6118,122.833,吉林省
450,10747.0,213899,38.0735,114.045,河北省
451,10748.0,213919,29.6232,107.197,重庆市
452,10749.0,213939,34.5284,110.891,河南省
453,10754.0,214039,45.8486,123.198,吉林省
454,10755.0,214059,40.0609,116.15,北京|北京
455,10756.0,214079,29.61,107.234,重庆市
456,10757.0,214099,34.706,111.078,河南省
457,10758.0,214119,38.3083,114.375,河北省
458,10759.0,214139,37.6004,113.688,山西省
459,10760.0,214159,34.8319,111.199,山西省
460,10762.0,214199,38.624,114.716,河北省
461,10763.0,214219,38.4369,114.537,河北省
462,10764.0,214239,34.7746,111.195,河南省
463,10766.0,214279,31.1745,108.401,重庆市
464,10769.0,214339,28.9596,106.915,重庆市
465,10770.0,214359,33.6907,110.325,陕西省
466,10771.0,214379,39.3425,115.494,河北省
467,10772.0,214399,35.3017,111.658,山西省
468,10773.0,214419,38.734,114.941,河北省
469,10775.0,214459,29.1567,107.118,重庆市
470,10777.0,214499,38.0656,114.514,河北省
471,10778.0,214519,40.315,116.639,北京|北京
472,10780.0,214559,42.2733,118.932,内蒙古自治区
473,10781.0,214579,41.316,117.728,河北省
474,10783.0,214619,45.3339,122.775,吉林省
475,10784.0,214639,26.2308,105.455,贵州省
476,10786.0,214679,38.3462,114.692,河北省
477,10787.0,214699,39.3842,115.708,河北省
478,10788.0,214719,30.7905,108.39,重庆市
479,10789.0,214739,47.6077,126.087,黑龙江省
480,10790.0,214759,38.9547,115.32,河北省
481,10791.0,214779,29.8632,107.718,重庆市
482,10792.0,214799,25.1028,104.892,贵州省
483,10794.0,214839,27.8059,106.404,贵州省
484,10795.0,214859,30.3101,108.043,重庆市
485,10796.0,214879,40.3768,116.838,北京|北京
486,10797.0,214899,40.1097,116.603,北京|北京
487,10798.0,214919,27.4728,106.238,贵州省
488,10799.0,214939,26.6734,105.769,贵州省
489,10800.0,214959,38.5204,114.972,河北省
490,10801.0,214979,27.0281,106.022,贵州省
491,10802.0,214999,36.5236,113.024,山西省
492,10803.0,215019,39.4937,115.973,河北省
493,10804.0,215039,31.2301,108.782,重庆市
494,10805.0,215059,30.8098,108.477,重庆市
495,10806.0,215079,46.6232,124.848,黑龙江省
496,10809.0,215139,39.3085,115.847,河北省
497,10810.0,215159,30.7603,108.494,重庆市
498,10811.0,215179,25.4384,105.196,贵州省
499,10812.0,215199,38.8494,115.483,河北省
500,10814.0,215239,28.1368,106.83,贵州省
501,10816.0,215279,46.5611,124.851,黑龙江省
502,10817.0,215299,39.0188,115.671,河北省
503,10818.0,215319,30.938,108.705,重庆市
504,10819.0,215339,26.3042,105.737,贵州省
505,10820.0,215359,31.1142,108.831,重庆市
506,10821.0,215379,23.369,104.243,云南省
507,10822.0,215399,32.3037,109.71,湖北省
508,10823.0,215419,40.9562,117.763,河北省
509,10825.0,215459,36.1183,112.884,山西省
510,10828.0,215519,36.3107,113.085,山西省
511,10829.0,215539,29.9987,108.122,重庆市
512,10830.0,215559,34.7659,111.755,河南省
513,10832.0,215599,37.655,114.383,河北省
514,10833.0,215619,35.4838,112.41,山西省
515,10835.0,215659,38.0877,114.849,河北省
516,10836.0,215679,37.7562,114.522,河北省
517,10839.0,215719,46.5739,125.129,黑龙江省
518,10840.0,215739,46.4519,124.841,黑龙江省
519,10841.0,215759,36.3326,113.229,山西省
520,10842.0,215779,36.1804,113.117,山西省
521,10843.0,215799,29.3262,107.757,重庆市
522,10844.0,215819,26.0613,105.764,贵州省
523,10845.0,215839,38.1694,114.969,河北省
524,10846.0,215859,39.9356,116.821,河北省
525,10849.0,215919,36.5051,113.383,山西省
526,10850.0,215939,34.7501,111.854,河南省
527,10851.0,215959,26.253,105.947,贵州省
528,10852.0,215979,40.9589,117.925,河北省
529,10853.0,215999,38.0255,114.854,河北省
530,10854.0,216019,33.5236,110.873,陕西省
531,10855.0,216039,32.9939,110.427,湖北省
532,10856.0,216059,39.4333,116.311,河北省
533,10860.0,216139,36.0512,113.054,山西省
534,10861.0,216159,42.0443,119.271,内蒙古自治区
535,10862.0,216179,40.1438,117.112,北京|北京
536,10863.0,216199,39.12,116.036,河北省
537,10864.0,216219,38.4173,115.322,河北省
538,10865.0,216239,34.3871,111.659,河南省
539,10866.0,216259,37.608,114.562,河北省
540,10867.0,216279,28.8717,107.602,贵州省
541,10868.0,216299,32.2994,110.019,湖北省
542,10869.0,216319,27.6901,106.934,贵州省
543,10870.0,216339,35.7883,112.928,山西省
544,10871.0,216359,38.032,115.04,河北省
545,10872.0,216379,37.7493,114.768,河北省
546,10873.0,216399,36.1175,113.213,山西省
547,10876.0,216439,39.9896,117.055,河北省
548,10877.0,216459,23.0145,104.392,云南省
549,10878.0,216479,36.5669,113.667,河北省
550,10879.0,216499,25.3889,105.643,贵州省
551,10881.0,216539,38.4854,115.56,河北省
552,10884.0,216599,46.4454,125.185,黑龙江省
553,10885.0,216619,38.6848,115.77,河北省
554,10886.0,216639,39.3159,116.465,河北省
555,10887.0,216659,26.3999,106.256,贵州省
556,10888.0,216679,39.5399,116.72,河北省
557,10889.0,216699,38.9891,116.101,河北省
558,10890.0,216719,27.9554,107.187,贵州省
559,10894.0,216799,35.4992,112.854,山西省
560,10895.0,216819,34.7261,112.144,河南省
561,10898.0,216879,39.7546,117.005,河北省
562,10899.0,216899,26.8509,106.604,贵州省
563,10900.0,216919,26.5438,106.466,贵州省
564,10901.0,216939,32.2278,110.227,湖北省
565,10902.0,216959,29.2966,108.16,重庆市
566,10903.0,216979,35.0782,112.573,河南省
567,10904.0,216999,31.3967,109.617,重庆市
568,10905.0,217019,37.6235,114.918,河北省
569,10906.0,217039,46.4084,125.328,黑龙江省
570,10907.0,217059,39.1087,116.395,河北省
571,10908.0,217079,40.7727,118.169,河北省
572,10909.0,217099,40.0442,117.396,天津市
573,10910.0,217119,38.2312,115.523,河北省
574,10911.0,217139,37.9163,115.215,河北省
575,10914.0,217199,26.5996,106.682,贵州省
576,10915.0,217219,47.4659,126.95,黑龙江省
577,10916.0,217239,34.5291,112.193,河南省
578,10918.0,217279,42.8521,120.661,内蒙古自治区
579,10919.0,217299,37.0668,114.488,河北省
580,10920.0,217319,34.6694,112.432,河南省
581,10921.0,217339,32.8345,110.811,湖北省
582,10922.0,217359,32.6449,110.75,湖北省
583,10923.0,217379,30.289,108.94,湖北省
584,10925.0,217419,38.7003,116.08,河北省
585,10926.0,217439,34.8169,112.437,河南省
586,10927.0,217459,33.7861,111.609,河南省
587,10930.0,217519,36.7127,114.198,河北省
588,10931.0,217539,37.3456,114.768,河北省
589,10934.0,217579,31.0442,109.551,重庆市
590,10935.0,217599,27.0571,106.967,贵州省
591,10939.0,217659,41.5923,119.319,内蒙古自治区
592,10940.0,217679,45.4971,124.289,吉林省
593,10941.0,217699,26.425,106.664,贵州省
594,10944.0,217759,41.0075,118.692,河北省
595,10945.0,217779,35.1852,113.04,河南省
596,10946.0,217799,27.7618,107.468,贵州省
597,10947.0,217819,38.0076,115.531,河北省
598,10949.0,217859,36.8142,114.508,河北省
599,10950.0,217879,32.6103,110.841,湖北省
600,10951.0,217899,26.55,106.781,贵州省
601,10952.0,217919,46.6943,126.087,黑龙江省
602,10953.0,217939,35.0914,112.93,河南省
603,10954.0,217959,34.1422,112.085,河南省
604,10956.0,217999,39.0864,116.718,河北省
605,10957.0,218019,34.9073,112.782,河南省
606,10959.0,218039,39.0095,116.645,河北省
607,10960.0,218059,36.0681,113.817,河南省
608,10961.0,218079,33.3203,111.486,河南省
609,10962.0,218099,38.4431,116.097,河北省
610,10963.0,218119,36.4393,114.205,河北省
611,10965.0,218139,40.1889,117.964,河北省
612,10966.0,218159,34.4078,112.414,河南省
613,10968.0,218199,34.7274,112.767,河南省
614,10969.0,218219,29.531,108.779,重庆市
615,10970.0,218239,35.2463,113.246,河南省
616,10971.0,218259,47.246,127.1,黑龙江省
617,10972.0,218279,36.6006,114.488,河北省
618,10973.0,218299,31.0813,109.872,重庆市
619,10974.0,218319,46.8307,126.48,黑龙江省
620,10977.0,218379,39.8835,117.745,河北省
621,10980.0,218419,33.1272,111.493,河南省
622,10982.0,218459,39.1199,117.218,天津市
623,10983.0,218479,36.11,114.286,河南省
624,10984.0,218499,34.6819,112.873,河南省
625,10985.0,218519,36.477,114.445,河北省
626,10986.0,218539,43.6147,122.245,内蒙古自治区
627,10987.0,218559,30.2966,109.475,湖北省
628,10988.0,218579,35.0333,113.179,河南省
629,10989.0,218599,32.0594,110.741,湖北省
630,10990.0,218619,28.2645,108.114,贵州省
631,10992.0,218659,34.9132,113.082,河南省
632,10995.0,218719,37.7318,115.691,河北省
633,10996.0,218739,36.3556,114.376,河北省
634,10997.0,218759,38.9341,116.907,天津市
635,10998.0,218779,36.9101,114.873,河北省
636,10999.0,218799,30.6021,109.713,湖北省
637,11001.0,218839,35.0665,113.251,河南省
638,11002.0,218859,34.7459,112.986,河南省
639,11003.0,218879,41.237,119.394,辽宁省
640,11005.0,218919,34.1491,112.473,河南省
641,11008.0,218959,41.3926,119.648,辽宁省
642,11009.0,218979,37.5396,115.568,河北省
643,11010.0,218999,29.6849,109.153,湖北省
644,11011.0,219019,23.6283,105.626,云南省
645,11015.0,219099,35.1176,113.436,河南省
646,11016.0,219119,40.1373,118.298,河北省
647,11017.0,219139,35.9575,114.149,河南省
648,11019.0,219179,45.6999,125.262,黑龙江省
649,11020.0,219199,36.7602,114.949,河北省
650,11021.0,219219,35.4407,113.799,河南省
651,11022.0,219239,36.3425,114.586,河北省
652,11023.0,219259,35.8894,114.173,河南省
653,11024.0,219279,35.2637,113.643,河南省
654,11027.0,219339,36.442,114.69,河北省
655,11028.0,219359,34.7173,113.2,河南省
656,11030.0,219399,28.8517,108.768,重庆市
657,11031.0,219419,38.8348,117.06,天津市
658,11032.0,219439,34.7944,113.344,河南省
659,11033.0,219459,33.0687,111.838,河南省
660,11035.0,219499,37.5115,115.726,河北省
661,11036.0,219519,39.8312,118.154,河北省
662,11037.0,219539,34.4644,113.016,河南省
663,11038.0,219559,38.5811,116.837,河北省
664,11039.0,219579,31.0495,110.355,湖北省
665,11040.0,219599,27.9437,108.247,贵州省
666,11041.0,219619,32.552,111.504,湖北省
667,11042.0,219639,26.6994,107.506,贵州省
668,11045.0,219699,46.0645,125.977,黑龙江省
669,11046.0,219719,34.166,112.842,河南省
670,11047.0,219739,35.9207,114.362,河南省
671,11048.0,219759,35.39,113.897,河南省
672,11049.0,219779,35.3029,113.885,河南省
673,11051.0,219819,46.2581,126.285,黑龙江省
674,11052.0,219839,39.6382,118.204,河北省
675,11053.0,219859,35.7455,114.274,河南省
676,11057.0,219919,45.1384,124.827,吉林省
677,11058.0,219939,35.1841,113.789,河南省
678,11059.0,219959,41.128,119.752,辽宁省
679,11060.0,219979,29.506,109.411,湖北省
680,11062.0,220019,39.085,117.547,天津市
681,11064.0,220039,29.4616,109.432,湖南省
682,11065.0,220059,46.6408,126.988,黑龙江省
683,11066.0,220079,35.6052,114.196,河南省
684,11067.0,220099,38.0638,116.578,河北省
685,11068.0,220119,38.2955,116.847,河北省
686,11069.0,220139,36.3558,114.923,河北省
687,11070.0,220159,34.7631,113.66,河南省
688,11072.0,220179,38.9796,117.677,天津市
689,11073.0,220199,33.4832,112.431,河南省
690,11075.0,220239,35.4033,114.074,河南省
691,11076.0,220259,34.5233,113.363,河南省
692,11077.0,220279,34.4467,113.271,河南省
693,11078.0,220299,26.2664,107.511,贵州省
694,11082.0,220359,41.5762,120.427,辽宁省
695,11084.0,220379,37.0619,115.665,河北省
696,11086.0,220419,37.6874,116.259,河北省
697,11087.0,220439,37.3568,115.96,河北省
698,11088.0,220459,41.8118,120.741,辽宁省
699,11089.0,220479,39.7664,118.411,河北省
700,11090.0,220499,32.2764,111.626,湖北省
701,11091.0,220519,39.9992,118.708,河北省
702,11092.0,220539,32.3885,111.678,湖北省
703,11094.0,220579,33.8956,112.889,河南省
704,11096.0,220599,33.04,112.223,河南省
705,11098.0,220639,39.665,118.37,河北省
706,11099.0,220659,36.5452,115.279,河北省
707,11100.0,220679,34.4515,113.437,河南省
708,11102.0,220719,35.0548,113.955,河南省
709,11103.0,220739,28.4453,108.998,重庆市
710,11107.0,220819,35.6629,114.534,河南省
711,11108.0,220839,33.7458,112.907,河南省
712,11109.0,220859,32.6789,112.091,河南省
713,11111.0,220879,37.4505,116.318,山东省
714,11112.0,220899,36.2822,115.149,河北省
715,11114.0,220939,36.85,115.708,山东省
716,11115.0,220959,35.5662,114.526,河南省
717,11116.0,220979,26.5745,107.957,贵州省
718,11117.0,220999,44.2208,123.952,吉林省
719,11118.0,221019,40.8145,119.811,辽宁省
720,11119.0,221039,34.6057,113.693,河南省
721,11120.0,221059,25.8511,107.546,贵州省
722,11123.0,221119,35.9596,114.905,河南省
723,11125.0,221159,46.4455,127.101,黑龙江省
724,11126.0,221179,35.1518,114.191,河南省
725,11127.0,221199,39.7454,118.699,河北省
726,11128.0,221219,32.9953,112.535,河南省
727,11129.0,221239,33.9859,113.227,河南省
728,11131.0,221279,34.1779,113.485,河南省
729,11132.0,221299,36.4832,115.46,山东省
730,11133.0,221319,23.8861,106.63,广西壮族自治区
731,11136.0,221379,46.9911,128.042,黑龙江省
732,11137.0,221399,39.7395,118.767,河北省
733,11138.0,221419,38.3661,117.337,河北省
734,11142.0,221479,45.9802,126.602,黑龙江省
735,11143.0,221499,34.3933,113.742,河南省
736,11144.0,221519,34.723,114.014,河南省
737,11145.0,221539,45.8888,126.558,黑龙江省
738,11147.0,221579,33.7364,113.301,河南省
739,11148.0,221599,39.5042,118.679,河北省
740,11149.0,221619,35.7535,115.028,河南省
741,11151.0,221659,30.7908,110.967,湖北省
742,11152.0,221679,28.5816,109.475,湖南省
743,11153.0,221699,37.6391,116.803,山东省
744,11156.0,221759,23.1329,106.417,广西壮族自治区
745,11160.0,221819,35.044,114.415,河南省
746,11162.0,221859,34.208,113.758,河南省
747,11163.0,221879,32.5243,112.365,河南省
748,11164.0,221899,43.5111,123.49,吉林省
749,11165.0,221919,41.9994,121.66,辽宁省
750,11166.0,221939,33.2454,112.981,河南省
751,11167.0,221959,28.7111,109.65,湖南省
752,11168.0,221979,28.9951,109.848,湖南省
753,11169.0,221999,37.164,116.44,山东省
754,11170.0,222019,34.7906,114.336,河南省
755,11171.0,222039,45.718,126.644,黑龙江省
756,11172.0,222059,32.07,112.135,湖北省
757,11173.0,222079,31.7672,111.84,湖北省
758,11175.0,222119,35.1656,114.678,河南省
759,11176.0,222139,29.4018,110.16,湖南省
760,11180.0,222199,36.2454,115.662,山东省
761,11181.0,222219,33.6237,113.357,河南省
762,11183.0,222259,33.0575,112.93,河南省
763,11187.0,222339,39.7,119.169,河北省
764,11188.0,222359,27.726,109.178,贵州省
765,11189.0,222379,34.036,113.824,河南省
766,11190.0,222399,36.4692,115.983,山东省
767,11191.0,222419,41.5299,121.238,辽宁省
768,11193.0,222459,39.4135,118.9,河北省
769,11195.0,222499,37.7397,117.207,山东省
770,11198.0,222559,30.7076,111.319,湖北省
771,11199.0,222579,34.413,114.187,河南省
772,11200.0,222599,45.3652,126.292,黑龙江省
773,11202.0,222639,39.9425,119.596,河北省
774,11205.0,222699,32.6816,112.852,河南省
775,11206.0,222719,36.1111,115.781,山东省
776,11208.0,222759,28.2955,109.722,湖南省
777,11209.0,222779,36.5941,116.249,山东省
778,11210.0,222799,27.3597,109.174,湖南省
779,11211.0,222819,40.0037,119.753,河北省
780,11213.0,222859,36.9286,116.647,山东省
781,11214.0,222879,35.2879,115.104,山东省
782,11215.0,222899,23.5994,107.118,广西壮族自治区
783,11216.0,222919,44.4362,125.167,吉林省
784,11217.0,222939,37.1973,116.887,山东省
785,11219.0,222979,41.1135,121.134,辽宁省
786,11220.0,222999,33.8128,113.936,河南省
787,11221.0,223019,33.4404,113.606,河南省
788,11222.0,223039,31.7039,112.25,湖北省
789,11224.0,223079,34.4791,114.47,河南省
790,11225.0,223099,34.0918,114.178,河南省
791,11228.0,223159,44.9909,126.032,吉林省
792,11230.0,223199,33.3018,113.515,河南省
793,11232.0,223239,35.9862,115.851,河南省
794,11233.0,223259,34.8327,114.816,河南省
795,11234.0,223279,29.1226,110.482,湖南省
796,11237.0,223339,40.7515,120.849,辽宁省
797,11238.0,223359,35.5634,115.524,山东省
798,11242.0,223419,37.3006,117.149,山东省
799,11243.0,223439,36.3448,116.244,山东省
800,11245.0,223479,40.3313,120.326,辽宁省
801,11246.0,223499,47.1338,129.278,黑龙江省
802,11247.0,223519,45.5449,126.971,黑龙江省
803,11248.0,223539,40.6172,120.73,辽宁省
804,11251.0,223579,34.5619,114.752,河南省
805,11252.0,223599,30.3964,111.462,湖北省
806,11254.0,223639,32.1304,112.756,湖北省
807,11255.0,223659,30.8186,111.775,湖北省
808,11256.0,223679,41.1554,121.345,辽宁省
809,11257.0,223699,33.5748,114.03,河南省
810,11258.0,223719,27.8629,109.794,湖南省
811,11261.0,223779,35.243,115.477,山东省
812,11262.0,223799,34.0544,114.39,河南省
813,11264.0,223839,44.5414,125.701,吉林省
814,11265.0,223859,32.7258,113.325,河南省
815,11267.0,223899,30.2869,111.513,湖北省
816,11268.0,223919,45.7956,127.47,黑龙江省
817,11269.0,223939,22.348,106.859,广西壮族自治区
818,11270.0,223959,41.6892,122.097,辽宁省
819,11271.0,223979,24.6961,108.064,广西壮族自治区
820,11279.0,224119,27.4368,109.686,湖南省
821,11280.0,224139,36.6605,117.006,山东省
822,11281.0,224159,36.9774,117.18,山东省
823,11283.0,224199,35.8113,116.088,山东省
824,11284.0,224219,22.841,107.194,广西壮族自治区
825,11285.0,224239,33.3895,114.016,河南省
826,11286.0,224259,31.0058,112.209,湖北省
827,11287.0,224279,30.433,111.751,湖北省
828,11288.0,224299,28.4509,110.4,湖南省
829,11298.0,224439,34.6563,115.161,河南省
830,11299.0,224459,29.4281,111.127,湖南省
831,11300.0,224479,28.0066,110.189,湖南省
832,11301.0,224499,43.3084,124.336,吉林省
833,11303.0,224539,27.549,109.961,湖南省
834,11304.0,224559,23.3273,107.577,广西壮族自治区
835,11305.0,224579,43.8719,125.296,吉林省
836,11311.0,224679,41.9968,122.815,辽宁省
837,11312.0,224699,33.1471,113.993,河南省
838,11316.0,224779,34.4243,115.063,河南省
839,11317.0,224799,30.2038,111.78,湖北省
840,11318.0,224819,22.1301,107.064,广西壮族自治区
841,11323.0,224919,29.587,111.387,湖南省
842,11326.0,224959,35.9406,116.444,山东省
843,11327.0,224979,32.3787,113.413,河南省
844,11328.0,224999,27.2022,109.82,湖南省
845,11329.0,225019,44.827,126.539,吉林省
846,11333.0,225079,43.5083,124.816,吉林省
847,11334.0,225099,43.1551,124.388,吉林省
848,11335.0,225119,47.3054,130.261,黑龙江省
849,11336.0,225139,34.0609,114.846,河南省
850,11337.0,225159,43.6975,125.084,吉林省
851,11338.0,225179,34.8377,115.548,山东省
852,11339.0,225199,31.17,112.585,湖北省
853,11340.0,225219,33.2708,114.261,河南省
854,11341.0,225239,32.9802,114.019,河南省
855,11343.0,225279,41.2003,122.027,辽宁省
856,11344.0,225299,37.3859,117.982,山东省
857,11346.0,225339,35.388,116.081,山东省
858,11347.0,225359,23.7324,107.988,广西壮族自治区
859,11348.0,225379,42.4582,123.549,辽宁省
860,11349.0,225399,23.9425,108.099,广西壮族自治区
861,11351.0,225439,33.6295,114.641,河南省
862,11352.0,225459,41.1279,122.071,辽宁省
863,11353.0,225479,34.4574,115.313,河南省
864,11354.0,225499,35.7303,116.479,山东省
865,11355.0,225519,44.1508,125.858,吉林省
866,11356.0,225539,42.7786,124.095,辽宁省
867,11357.0,225559,30.334,112.225,湖北省
868,11358.0,225579,27.3281,110.139,湖南省
869,11359.0,225599,26.5717,109.684,湖南省
870,11360.0,225619,23.7463,108.17,广西壮族自治区
871,11365.0,225719,36.6934,117.511,山东省
872,11367.0,225739,29.6397,111.811,湖南省
873,11368.0,225759,27.9133,110.589,湖南省
874,11369.0,225779,36.8894,117.758,山东省
875,11370.0,225799,33.736,114.878,河南省
876,11372.0,225819,24.4954,108.643,广西壮族自治区
877,11373.0,225839,29.4465,111.645,湖南省
878,11375.0,225879,36.1787,117.162,山东省
879,11376.0,225899,33.0034,114.35,河南省
880,11377.0,225919,41.5089,122.739,辽宁省
881,11378.0,225939,31.7147,113.394,湖北省
882,11380.0,225979,42.3453,123.767,辽宁省
883,11383.0,226039,42.538,124.05,辽宁省
884,11384.0,226059,44.9154,127.155,黑龙江省
885,11388.0,226099,34.4089,115.634,河南省
886,11389.0,226119,34.0808,115.305,河南省
887,11390.0,226139,30.0651,112.231,湖北省
888,11391.0,226159,37.1539,118.14,山东省
889,11392.0,226179,41.7876,123.385,辽宁省
890,11395.0,226199,42.0525,123.506,辽宁省
891,11396.0,226219,45.9805,128.752,黑龙江省
892,11397.0,226239,32.4644,114.037,河南省
893,11398.0,226259,42.2842,123.828,辽宁省
894,11399.0,226279,35.4172,116.606,山东省
895,11401.0,226319,35.0687,116.29,山东省
896,11402.0,226339,28.901,111.478,湖南省
897,11403.0,226359,22.6219,107.91,广西壮族自治区
898,11405.0,226379,34.7881,116.09,山东省
899,11406.0,226399,33.4021,114.925,河南省
900,11407.0,226419,29.0349,111.683,湖南省
901,11410.0,226479,28.3796,111.237,湖南省
902,11411.0,226499,36.9584,118.098,山东省
903,11412.0,226519,36.7032,117.988,山东省
904,11413.0,226539,25.0733,109.24,广西壮族自治区
905,11416.0,226599,43.3427,125.304,吉林省
906,11418.0,226619,33.6508,115.19,河南省
907,11419.0,226639,23.1585,108.275,广西壮族自治区
908,11420.0,226659,34.3949,115.844,河南省
909,11422.0,226679,32.9565,114.632,河南省
910,11423.0,226699,41.9253,123.581,辽宁省
911,11424.0,226719,25.2136,109.394,广西壮族自治区
912,11426.0,226759,46.8036,130.371,黑龙江省
913,11427.0,226779,44.7031,127.206,黑龙江省
914,11428.0,226799,32.6023,114.382,河南省
915,11429.0,226819,28.9453,111.703,湖南省
916,11430.0,226839,35.5851,116.974,山东省
917,11431.0,226859,32.1258,114.075,河南省
918,11432.0,226879,45.835,128.832,黑龙江省
919,11433.0,226899,45.2093,127.969,黑龙江省
920,11434.0,226919,43.5219,125.664,吉林省
921,11435.0,226939,33.387,115.072,河南省
922,11436.0,226959,42.7366,124.705,辽宁省
923,11437.0,226979,40.6644,122.244,辽宁省
924,11438.0,226999,37.0403,118.39,山东省
925,11439.0,227019,31.5135,113.577,湖北省
926,11440.0,227039,22.8283,108.32,广西壮族自治区
927,11442.0,227079,36.225,117.658,山东省
928,11443.0,227099,33.8622,115.488,河南省
929,11444.0,227119,27.065,110.578,湖南省
930,11445.0,227139,44.419,126.954,吉林省
931,11447.0,227159,35.3981,116.939,山东省
932,11449.0,227179,30.4193,112.885,湖北省
933,11450.0,227199,29.4142,112.169,湖南省
934,11451.0,227219,41.0837,122.825,辽宁省
935,11452.0,227239,30.659,113.137,湖北省
936,11453.0,227259,29.7199,112.414,湖北省
937,11454.0,227279,27.8522,111.169,湖南省
938,11455.0,227299,42.9156,125.138,吉林省
939,11456.0,227319,41.8589,123.878,辽宁省
940,11457.0,227339,31.6189,113.819,湖北省
941,11460.0,227359,41.1341,123.004,辽宁省
942,11461.0,227379,35.658,117.263,山东省
943,11463.0,227399,26.9565,110.676,湖南省
944,11465.0,227439,30.5139,113.081,湖北省
945,11466.0,227459,28.9127,111.957,湖南省
946,11467.0,227479,27.0937,110.791,湖南省
947,11468.0,227499,41.424,123.322,辽宁省
948,11469.0,227519,41.2491,123.185,辽宁省
949,11470.0,227539,40.8525,122.726,辽宁省
950,11471.0,227559,27.6718,111.18,湖南省
951,11472.0,227579,43.8605,126.548,吉林省
952,11474.0,227599,33.8664,115.778,安徽省
953,11475.0,227619,31.2594,113.689,湖北省
954,11476.0,227639,26.729,110.626,湖南省
955,11478.0,227679,40.6276,122.517,辽宁省
956,11479.0,227699,40.27,122.137,辽宁省
957,11483.0,227759,34.2357,116.133,河南省
958,11484.0,227779,31.6195,114.003,湖北省
959,11485.0,227799,29.3734,112.39,湖南省
960,11486.0,227819,27.7363,111.313,湖南省
961,11488.0,227859,34.4272,116.335,安徽省
962,11490.0,227899,23.2312,108.799,广西壮族自治区
963,11492.0,227919,33.2677,115.366,安徽省
964,11493.0,227939,24.3131,109.388,广西壮族自治区
965,11495.0,227979,34.7047,116.616,江苏省
966,11496.0,227999,32.7572,114.967,河南省
967,11499.0,228059,32.2015,114.52,河南省
968,11500.0,228079,40.3978,122.353,辽宁省
969,11501.0,228099,36.692,118.489,山东省
970,11502.0,228119,35.889,117.735,山东省
971,11503.0,228139,30.9423,113.571,湖北省
972,11504.0,228159,29.5299,112.564,湖南省
973,11505.0,228179,33.0627,115.248,安徽省
974,11507.0,228199,27.1162,111.024,湖南省
975,11509.0,228239,31.5701,114.12,湖北省
976,11510.0,228259,29.0608,112.313,湖南省
977,11511.0,228279,27.6933,111.426,湖南省
978,11512.0,228299,36.8727,118.769,山东省
979,11513.0,228319,32.3527,114.744,河南省
980,11514.0,228339,31.0361,113.742,湖北省
981,11517.0,228359,28.8185,112.208,湖南省
982,11518.0,228379,23.7295,109.218,广西壮族自治区
983,11520.0,228419,43.7031,126.533,吉林省
984,11521.0,228439,31.2496,113.966,湖北省
985,11524.0,228499,35.0814,117.17,山东省
986,11525.0,228519,29.0462,112.373,湖南省
987,11526.0,228539,24.3975,109.597,广西壮族自治区
988,11527.0,228559,36.1892,118.183,山东省
989,11529.0,228599,36.4951,118.535,山东省
990,11530.0,228619,28.5289,112.124,湖南省
991,11531.0,228639,41.1317,123.422,辽宁省
992,11532.0,228659,34.7361,116.92,江苏省
993,11533.0,228679,30.3785,113.456,湖北省
994,11537.0,228739,44.942,128.379,黑龙江省
995,11538.0,228759,33.1708,115.615,安徽省
996,11539.0,228779,28.8366,112.367,湖南省
997,11540.0,228799,26.4449,110.855,湖南省
998,11541.0,228819,24.4773,109.734,广西壮族自治区
999,11542.0,228839,21.7641,108.36,广西壮族自治区
1000,11547.0,228899,27.6963,111.658,湖南省
1001,11548.0,228919,25.2851,110.263,广西壮族自治区
1002,11549.0,228939,41.295,123.751,辽宁省
1003,11550.0,228959,30.9364,113.924,湖北省
1004,11551.0,228979,23.2024,109.127,广西壮族自治区
1005,11553.0,229019,30.5695,113.633,湖北省
1006,11558.0,229079,27.3075,111.466,湖南省
1007,11559.0,229099,28.5855,112.348,湖南省
1008,11560.0,229119,27.2379,111.485,湖南省
1009,11561.0,229139,26.9979,111.281,湖南省
1010,11563.0,229159,46.7234,131.139,黑龙江省
1011,11564.0,229179,33.9442,116.423,河南省
1012,11566.0,229219,42.6734,125.536,吉林省
1013,11568.0,229259,41.2278,123.749,辽宁省
1014,11569.0,229279,21.9595,108.629,广西壮族自治区
1015,11570.0,229299,47.2492,132.024,黑龙江省
1016,11571.0,229319,30.6479,113.832,湖北省
1017,11572.0,229339,39.6349,122.0,辽宁省
1018,11573.0,229359,46.6325,131.145,黑龙江省
1019,11574.0,229379,27.3466,111.611,湖南省
1020,11575.0,229399,36.7003,119.131,山东省
1021,11576.0,229419,34.789,117.273,山东省
1022,11577.0,229439,32.1366,115.049,河南省
1023,11578.0,229459,32.0046,114.905,河南省
1024,11579.0,229479,28.2847,112.252,湖南省
1025,11581.0,229499,27.6132,111.83,湖南省
1026,11582.0,229519,46.2362,130.555,黑龙江省
1027,11583.0,229539,42.0977,124.929,辽宁省
1028,11584.0,229559,30.6727,113.925,湖北省
1029,11586.0,229599,25.6197,110.658,广西壮族自治区
1030,11587.0,229619,42.9419,126.051,吉林省
1031,11588.0,229639,27.7403,111.988,湖南省
1032,11589.0,229659,33.5234,116.217,安徽省
1033,11591.0,229699,38.8053,121.257,辽宁省
1034,11592.0,229719,32.899,115.816,安徽省
1035,11593.0,229739,32.4628,115.411,河南省
1036,11594.0,229759,29.3826,113.135,湖南省
1037,11595.0,229779,26.8881,111.471,湖南省
1038,11596.0,229799,41.3029,124.117,辽宁省
1039,11597.0,229819,38.9959,121.639,辽宁省
1040,11598.0,229839,39.3974,121.942,辽宁省
1041,11599.0,229859,27.2475,111.736,湖南省
1042,11602.0,229899,32.6293,115.588,安徽省
1043,11603.0,229919,23.6017,109.656,广西壮族自治区
1044,11605.0,229959,33.0178,115.916,安徽省
1045,11606.0,229979,29.8211,113.467,湖北省
1046,11607.0,229999,34.1944,116.951,安徽省
1047,11608.0,230019,30.5531,114.295,湖北省
1048,11609.0,230039,42.5273,125.679,吉林省
1049,11610.0,230059,33.9359,116.79,安徽省
1050,11611.0,230079,36.852,119.393,山东省
1051,11613.0,230099,22.6919,109.272,广西壮族自治区
1052,11615.0,230119,31.6353,114.874,河南省
1053,11616.0,230139,31.2847,114.607,湖北省
1054,11619.0,230199,35.269,117.983,山东省
1055,11620.0,230219,34.2629,117.204,江苏省
1056,11621.0,230239,29.1406,113.119,湖南省
1057,11622.0,230259,25.9366,111.068,广西壮族自治区
1058,11624.0,230299,43.7207,127.332,吉林省
1059,11625.0,230319,37.6312,120.291,山东省
1060,11626.0,230339,30.8789,114.359,湖北省
1061,11628.0,230359,46.5659,131.403,黑龙江省
1062,11629.0,230379,28.2561,112.56,湖南省
1063,11632.0,230439,33.1381,116.179,安徽省
1064,11633.0,230459,23.1143,109.606,广西壮族自治区
1065,11635.0,230499,36.4467,119.204,山东省
1066,11636.0,230519,29.5005,113.408,湖南省
1067,11639.0,230579,42.6868,126.041,吉林省
1068,11640.0,230599,28.6789,112.883,湖南省
1069,11642.0,230639,22.3912,109.285,广西壮族自治区
1070,11644.0,230679,37.1919,119.944,山东省
1071,11645.0,230699,24.4909,110.395,广西壮族自治区
1072,11649.0,230759,40.2725,123.282,辽宁省
1073,11651.0,230779,28.8031,113.073,湖南省
1074,11652.0,230799,27.462,112.2,湖南省
1075,11653.0,230819,26.4468,111.595,湖南省
1076,11654.0,230839,34.4287,117.45,江苏省
1077,11655.0,230859,29.9742,113.902,湖北省
1078,11657.0,230899,35.0926,118.292,山东省
1079,11658.0,230919,28.3445,112.826,湖南省
1080,11660.0,230959,37.6346,120.517,山东省
1081,11663.0,231019,42.2797,125.74,吉林省
1082,11664.0,231039,28.78,113.146,湖南省
1083,11666.0,231079,32.1911,115.666,河南省
1084,11668.0,231119,33.2734,116.545,安徽省
1085,11669.0,231139,37.8064,120.754,山东省
1086,11672.0,231199,30.3469,114.297,湖北省
1087,11673.0,231219,27.736,112.518,湖南省
1088,11674.0,231239,45.7582,130.573,黑龙江省
1089,11675.0,231259,31.8064,115.395,河南省
1090,11676.0,231279,35.2392,118.297,山东省
1091,11677.0,231299,30.6894,114.566,湖北省
1092,11678.0,231319,25.4861,111.145,广西壮族自治区
1093,11679.0,231339,21.4792,109.15,广西壮族自治区
1094,11680.0,231359,42.9727,126.743,吉林省
1095,11681.0,231379,29.7275,113.892,湖北省
1096,11682.0,231399,26.5992,111.836,湖南省
1097,11685.0,231459,28.1826,113.005,湖南省
1098,11686.0,231479,26.225,111.618,湖南省
1099,11688.0,231519,37.3659,120.413,山东省
1100,11690.0,231539,33.6267,116.98,安徽省
1101,11691.0,231559,31.1822,115.006,湖北省
1102,11692.0,231579,23.366,110.073,广西壮族自治区
1103,11693.0,231599,24.2038,110.514,广西壮族自治区
1104,11695.0,231639,22.2732,109.547,广西壮族自治区
1105,11697.0,231679,36.7758,119.949,山东省
1106,11698.0,231699,30.8423,114.803,湖北省
1107,11700.0,231739,39.6987,122.984,辽宁省
1108,11701.0,231759,26.7845,112.117,湖南省
1109,11703.0,231799,45.8085,130.882,黑龙江省
1110,11704.0,231819,32.6482,116.271,安徽省
1111,11706.0,231859,35.5909,118.849,山东省
1112,11707.0,231879,22.7408,109.882,广西壮族自治区
1113,11708.0,231899,30.5407,114.719,湖北省
1114,11712.0,231979,27.8582,112.924,湖南省
1115,11714.0,232019,30.83,114.918,湖北省
1116,11717.0,232079,29.2527,113.811,湖北省
1117,11720.0,232119,34.9414,118.353,山东省
1118,11721.0,232139,29.8563,114.31,湖北省
1119,11722.0,232159,29.5322,114.036,湖北省
1120,11723.0,232179,26.9682,112.379,湖南省
1121,11724.0,232199,45.7747,131.019,黑龙江省
1122,11725.0,232219,45.2895,130.264,黑龙江省
1123,11727.0,232259,35.9984,119.407,山东省
1124,11729.0,232299,36.3647,119.757,山东省
1125,11730.0,232319,30.6342,114.877,湖北省
1126,11733.0,232379,40.4515,124.06,辽宁省
1127,11734.0,232399,35.7619,119.195,山东省
1128,11735.0,232419,44.6199,129.359,黑龙江省
1129,11737.0,232459,28.1958,113.212,湖南省
1130,11738.0,232479,24.1789,110.812,广西壮族自治区
1131,11740.0,232499,28.9738,113.739,湖南省
1132,11741.0,232519,22.568,110.032,广西壮族自治区
1133,11742.0,232539,34.3192,117.961,江苏省
1134,11743.0,232559,28.7029,113.581,湖南省
1135,11744.0,232579,32.3442,116.278,安徽省
1136,11745.0,232599,31.8529,115.913,安徽省
1137,11746.0,232619,22.6358,110.149,广西壮族自治区
1138,11748.0,232659,30.39,114.867,湖北省
1139,11749.0,232679,27.8533,113.149,湖南省
1140,11750.0,232699,30.4668,114.894,湖北省
1141,11754.0,232779,39.8936,123.575,辽宁省
1142,11755.0,232799,26.9056,112.587,湖南省
1143,11756.0,232819,23.3651,110.51,广西壮族自治区
1144,11757.0,232839,22.2555,109.969,广西壮族自治区
1145,11759.0,232859,37.2957,120.821,山东省
1146,11762.0,232879,32.7024,116.742,安徽省
1147,11763.0,232899,37.4999,121.357,山东省
1148,11764.0,232919,31.6872,115.878,安徽省
1149,11765.0,232939,44.5819,129.604,黑龙江省
1150,11766.0,232959,41.6768,125.762,吉林省
1151,11767.0,232979,36.873,120.529,山东省
1152,11768.0,232999,32.7779,116.817,安徽省
1153,11769.0,233019,25.184,111.578,湖南省
1154,11770.0,233039,19.1126,108.659,海南省
1155,11773.0,233099,36.2928,120.037,山东省
1156,11774.0,233119,27.7211,113.142,湖南省
1157,11775.0,233139,27.2454,112.865,湖南省
1158,11778.0,233179,22.6997,110.33,广西壮族自治区
1159,11780.0,233219,46.3272,132.19,黑龙江省
1160,11782.0,233259,41.2815,125.364,辽宁省
1161,11783.0,233279,41.7277,125.934,吉林省
1162,11784.0,233299,29.6092,114.496,湖北省
1163,11785.0,233319,26.4108,112.398,湖南省
1164,11786.0,233339,24.533,111.303,广西壮族自治区
1165,11787.0,233359,36.9698,120.718,山东省
1166,11788.0,233379,33.5345,117.567,安徽省
1167,11789.0,233399,41.7868,126.037,吉林省
1168,11790.0,233419,25.5878,111.94,湖南省
1169,11792.0,233459,32.565,116.781,安徽省
1170,11793.0,233479,40.7231,124.787,辽宁省
1171,11794.0,233499,34.3822,118.336,江苏省
1172,11795.0,233519,32.6257,116.944,安徽省
1173,11796.0,233539,30.1717,115.011,湖北省
1174,11797.0,233559,33.8932,117.947,江苏省
1175,11798.0,233579,30.7723,115.384,湖北省
1176,11800.0,233619,26.5902,112.574,湖南省
1177,11802.0,233659,28.7144,113.936,湖南省
1178,11803.0,233679,44.3407,129.472,黑龙江省
1179,11804.0,233699,25.909,112.203,湖南省
1180,11805.0,233719,22.3074,110.257,广西壮族自治区
1181,11806.0,233739,32.9675,117.214,安徽省
1182,11807.0,233759,28.1574,113.626,湖南省
1183,11808.0,233779,22.8554,110.549,广西壮族自治区
1184,11811.0,233839,44.1194,129.215,黑龙江省
1185,11812.0,233859,27.0864,112.949,湖南省
1186,11813.0,233879,45.3069,130.96,黑龙江省
1187,11816.0,233919,43.3627,128.229,吉林省
1188,11819.0,233959,42.0723,126.599,吉林省
1189,11820.0,233979,41.9394,126.425,吉林省
1190,11821.0,233999,35.4052,119.502,山东省
1191,11822.0,234019,23.3757,110.92,广西壮族自治区
1192,11823.0,234039,19.7221,109.207,海南省
1193,11824.0,234059,40.137,124.382,辽宁省
1194,11825.0,234079,32.9369,117.336,安徽省
1195,11828.0,234139,36.2406,120.409,山东省
1196,11829.0,234159,24.3359,111.463,广西壮族自治区
1197,11830.0,234179,21.4626,110.024,广东省
1198,11831.0,234199,45.2138,130.923,黑龙江省
1199,11832.0,234219,24.4166,111.562,广西壮族自治区
1200,11834.0,234239,27.6674,113.495,湖南省
1201,11836.0,234279,44.9303,130.53,黑龙江省
1202,11837.0,234299,34.5397,118.758,江苏省
1203,11840.0,234359,33.9353,118.273,江苏省
1204,11843.0,234419,39.8822,124.144,辽宁省
1205,11845.0,234459,35.9953,120.196,山东省
1206,11847.0,234479,31.7585,116.498,安徽省
1207,11848.0,234499,27.9397,113.709,湖南省
1208,11850.0,234539,33.4789,117.881,安徽省
1209,11851.0,234559,30.7315,115.67,湖北省
1210,11852.0,234579,30.3133,115.358,湖北省
1211,11854.0,234619,27.7807,113.641,湖南省
1212,11857.0,234659,34.8486,119.137,江苏省
1213,11860.0,234719,25.3775,112.194,湖南省
1214,11863.0,234759,26.4206,112.85,湖南省
1215,11865.0,234799,21.6073,110.287,广东省
1216,11866.0,234819,30.2435,115.424,湖北省
1217,11867.0,234839,29.86,115.185,湖北省
1218,11868.0,234859,27.8794,113.791,江西省
1219,11869.0,234879,25.5856,112.36,湖南省
1220,11870.0,234899,22.9096,111.015,广西壮族自治区
1221,11871.0,234919,32.4772,117.159,安徽省
1222,11873.0,234959,23.4919,111.276,广西壮族自治区
1223,11875.0,234999,31.4086,116.34,安徽省
1224,11876.0,235019,19.9075,109.534,海南省
1225,11883.0,235099,27.6362,113.821,江西省
1226,11885.0,235139,27.0071,113.338,湖南省
1227,11886.0,235159,20.9248,110.081,广东省
1228,11894.0,235279,18.748,109.178,海南省
1229,11896.0,235319,34.6109,119.184,江苏省
1230,11898.0,235339,33.4769,118.197,江苏省
1231,11899.0,235359,33.1296,117.873,安徽省
1232,11900.0,235379,21.2441,110.377,广东省
1233,11901.0,235399,19.9127,109.685,海南省
1234,11902.0,235419,26.7084,113.255,湖南省
1235,11904.0,235439,26.1045,112.888,湖南省
1236,11905.0,235459,19.5213,109.573,海南省
1237,11906.0,235479,45.5481,131.878,黑龙江省
1238,11907.0,235499,34.0985,118.793,江苏省
1239,11911.0,235559,30.1226,115.597,湖北省
1240,11912.0,235579,25.7462,112.729,湖南省
1241,11914.0,235619,37.5015,122.075,山东省
1242,11915.0,235639,22.3445,110.932,广东省
1243,11916.0,235659,41.816,126.916,吉林省
1244,11918.0,235699,21.6623,110.637,广东省
1245,11919.0,235719,27.6289,114.006,江西省
1246,11921.0,235759,29.2642,115.1,江西省
1247,11923.0,235799,36.907,121.539,山东省
1248,11924.0,235819,25.2866,112.576,湖南省
1249,11927.0,235879,29.8505,115.571,湖北省
1250,11928.0,235899,26.1312,113.102,湖南省
1251,11929.0,235919,41.1389,126.231,자강도
1252,11931.0,235959,21.9138,110.853,广东省
1253,11933.0,235999,26.7905,113.543,湖南省
1254,11934.0,236019,23.2386,111.525,广东省
1255,11935.0,236039,21.5414,110.71,广东省
1256,11936.0,236059,33.7146,118.702,江苏省
1257,11937.0,236079,24.784,112.372,广东省
1258,11938.0,236099,32.5211,117.687,安徽省
1259,11939.0,236119,31.8374,117.281,安徽省
1260,11940.0,236139,20.3276,110.167,广东省
1261,11942.0,236179,28.1094,114.446,江西省
1262,11943.0,236199,21.4076,110.694,广东省
1263,11944.0,236219,34.3051,119.253,江苏省
1264,11945.0,236239,25.7972,113.024,湖南省
1265,11949.0,236319,21.6674,110.898,广东省
1266,11951.0,236359,18.273,109.484,海南省
1267,11954.0,236419,37.2008,122.053,山东省
1268,11955.0,236439,31.4701,116.95,安徽省
1269,11956.0,236459,21.4377,110.79,广东省
1270,11958.0,236499,25.8212,113.101,湖南省
1271,11959.0,236519,19.7321,110.005,海南省
1272,11962.0,236579,30.0712,115.925,湖北省
1273,11963.0,236599,27.8019,114.4,江西省
1274,11966.0,236659,43.1066,128.913,吉林省
1275,11968.0,236679,29.6787,115.66,江西省
1276,11971.0,236719,28.3943,114.792,江西省
1277,11972.0,236739,25.9518,113.233,湖南省
1278,11977.0,236839,25.3971,112.944,湖南省
1279,11978.0,236859,21.6543,111.033,广东省
1280,11979.0,236879,30.4402,116.29,安徽省
1281,11980.0,236899,22.5375,111.459,广东省
1282,11981.0,236919,30.1691,116.121,安徽省
1283,11982.0,236939,23.9201,112.173,广东省
1284,11983.0,236959,20.0069,110.323,海南省
1285,11985.0,236999,22.7682,111.57,广东省
1286,11986.0,237019,34.0968,119.339,江苏省
1287,11987.0,237039,23.1461,111.789,广东省
1288,11989.0,237079,21.5183,111.01,广东省
1289,11993.0,237159,30.6409,116.585,安徽省
1290,11994.0,237179,33.599,119.046,江苏省
1291,11995.0,237199,19.371,110.101,海南省
1292,11996.0,237219,29.7586,115.982,湖北省
1293,11997.0,237239,29.7051,115.987,江西省
1294,11998.0,237259,32.9983,118.527,江苏省
1295,11999.0,237279,28.2429,114.934,江西省
1296,12000.0,237299,31.0474,116.966,安徽省
1297,12001.0,237319,27.8133,114.67,江西省
1298,12003.0,237339,34.1961,119.578,江苏省
1299,12004.0,237359,19.6861,110.34,海南省
1300,12008.0,237439,21.527,111.19,广东省
1301,12010.0,237479,37.155,122.438,山东省
1302,12012.0,237519,33.7745,119.27,江苏省
1303,12013.0,237539,29.3281,115.758,江西省
1304,12014.0,237559,30.7427,116.823,安徽省
1305,12015.0,237579,21.4887,111.211,广东省
1306,12018.0,237639,44.3952,131.152,黑龙江省
1307,12019.0,237659,28.6931,115.367,江西省
1308,12020.0,237679,31.0384,117.073,安徽省
1309,12024.0,237739,31.2467,117.285,安徽省
1310,12027.0,237799,29.2454,115.802,江西省
1311,12028.0,237819,21.4847,111.308,广东省
1312,12030.0,237859,28.8449,115.553,江西省
1313,12031.0,237879,43.316,129.764,吉林省
1314,12032.0,237899,22.9439,112.058,广东省
1315,12033.0,237919,27.3886,114.613,江西省
1316,12034.0,237939,18.5075,110.029,海南省
1317,12035.0,237959,29.7408,116.233,江西省
1318,12036.0,237979,27.8187,114.946,江西省
1319,12037.0,237999,29.4584,116.036,江西省
1320,12038.0,238019,23.6342,112.43,广东省
1321,12039.0,238039,28.4312,115.361,江西省
1322,12041.0,238079,29.0268,115.815,江西省
1323,12042.0,238099,22.1858,111.784,广东省
1324,12044.0,238139,32.2952,118.327,安徽省
1325,12045.0,238159,25.1315,113.349,广东省
1326,12046.0,238179,19.2518,110.463,海南省
1327,12048.0,238219,42.9106,129.489,吉林省
1328,12049.0,238239,33.9949,119.812,江苏省
1329,12050.0,238259,30.1201,116.703,安徽省
1330,12051.0,238279,21.7585,111.624,广东省
1331,12053.0,238319,31.6059,117.859,安徽省
1332,12054.0,238339,18.8044,110.377,海南省
1333,12055.0,238359,42.5374,128.998,吉林省
1334,12056.0,238379,33.0164,119.009,江苏省
1335,12057.0,238399,30.5362,117.084,安徽省
1336,12059.0,238439,32.0846,118.267,安徽省
1337,12061.0,238479,30.7219,117.209,安徽省
1338,12062.0,238499,29.258,116.142,江西省
1339,12063.0,238519,19.6134,110.751,海南省
1340,12065.0,238559,22.6886,112.224,广东省
1341,12066.0,238579,33.2415,119.307,江苏省
1342,12067.0,238599,28.688,115.896,江西省
1343,12068.0,238619,23.0606,112.462,广东省
1344,12070.0,238659,33.7813,119.79,江苏省
1345,12072.0,238699,42.7663,129.42,吉林省
1346,12078.0,238779,31.7317,118.107,安徽省
1347,12085.0,238919,23.3573,112.698,广东省
1348,12086.0,238939,21.8591,111.971,广东省
1349,12089.0,238979,31.3245,117.896,安徽省
1350,12091.0,239019,42.957,129.847,吉林省
1351,12093.0,239059,28.5406,115.916,江西省
1352,12095.0,239099,28.0528,115.538,江西省
1353,12096.0,239119,24.7756,113.579,广东省
1354,12097.0,239139,32.6861,119.011,安徽省
1355,12099.0,239179,23.7128,113.032,广东省
1356,12101.0,239219,27.0372,114.912,江西省
1357,12105.0,239299,30.098,117.019,安徽省
1358,12107.0,239319,27.1183,114.992,江西省
1359,12109.0,239359,30.6573,117.471,安徽省
1360,12110.0,239379,27.7535,115.4,江西省
1361,12111.0,239399,33.4636,119.779,江苏省
1362,12114.0,239419,32.2743,118.781,江苏省
1363,12115.0,239439,32.1055,118.672,江苏省
1364,12116.0,239459,26.316,114.514,江西省
1365,12118.0,239499,24.7967,113.636,广东省
1366,12121.0,239539,26.7945,114.869,江西省
1367,12122.0,239559,31.6984,118.361,安徽省
1368,12123.0,239579,28.1835,115.774,江西省
1369,12124.0,239599,27.2043,115.128,江西省
1370,12126.0,239619,22.1905,112.32,广东省
1371,12128.0,239659,30.9246,117.805,安徽省
1372,12129.0,239679,24.1897,113.401,广东省
1373,12131.0,239719,32.0134,118.803,江苏省
1374,12132.0,239739,31.6961,118.503,安徽省
1375,12135.0,239799,33.7724,120.247,江苏省
1376,12136.0,239819,26.4589,114.789,江西省
1377,12141.0,239899,22.9004,113.574,广东省
1378,12144.0,239959,23.25,113.002,广东省
1379,12145.0,239979,32.7811,119.447,江苏省
1380,12148.0,240039,31.36,118.385,安徽省
1381,12149.0,240059,23.4636,113.159,广东省
1382,12151.0,240099,27.3277,115.426,江西省
1383,12152.0,240119,31.5639,118.498,安徽省
1384,12156.0,240179,33.3784,120.147,江苏省
1385,12157.0,240199,25.7944,114.538,江西省
1386,12158.0,240219,22.3734,112.688,广东省
1387,12160.0,240259,32.2815,119.18,江苏省
1388,12161.0,240279,24.9528,114.065,广东省
1389,12163.0,240319,31.0964,118.195,安徽省
1390,12164.0,240339,28.3722,116.247,江西省
1391,12166.0,240379,28.9964,116.692,江西省
1392,12167.0,240399,25.3913,114.355,江西省
1393,12172.0,240499,22.7778,112.947,广东省
1394,12173.0,240519,22.4484,112.768,广东省
1395,12174.0,240539,23.8648,113.541,广东省
1396,12178.0,240619,42.8715,130.366,吉林省
1397,12183.0,240719,32.3911,119.415,江苏省
1398,12184.0,240739,32.9203,119.833,江苏省
1399,12185.0,240759,25.1248,114.307,广东省
1400,12189.0,240839,22.2625,112.792,广东省
1401,12197.0,240979,28.6943,116.68,江西省
1402,12198.0,240999,32.4357,119.574,江苏省
1403,12199.0,241019,27.7629,116.058,江西省
1404,12200.0,241039,23.5453,113.577,广东省
1405,12201.0,241059,30.9154,118.322,安徽省
1406,12202.0,241079,27.42,115.832,江西省
1407,12203.0,241099,25.8552,114.941,江西省
1408,12205.0,241139,29.2965,117.204,江西省
1409,12206.0,241159,25.6675,114.766,江西省
1410,12207.0,241179,23.4428,113.493,广东省
1411,12209.0,241199,31.9452,119.175,江苏省
1412,12211.0,241239,32.1991,119.459,江苏省
1413,12214.0,241299,31.1523,118.591,安徽省
1414,12216.0,241339,22.5323,113.09,广东省
1415,12219.0,241399,31.6627,119.041,江苏省
1416,12221.0,241419,27.9655,116.343,江西省
1417,12222.0,241439,24.355,114.124,广东省
1418,12226.0,241499,31.337,118.861,江苏省
1419,12227.0,241519,26.3292,115.344,江西省
1420,12228.0,241539,28.244,116.605,江西省
1421,12229.0,241559,23.2868,113.62,广东省
1422,12231.0,241599,28.9591,117.131,江西省
1423,12233.0,241639,32.4766,119.916,江苏省
1424,12235.0,241679,33.1951,120.448,江苏省
1425,12236.0,241699,30.6911,118.417,安徽省
1426,12240.0,241759,22.5243,113.384,广东省
1427,12241.0,241779,27.5503,116.221,江西省
1428,12242.0,241799,25.3957,114.918,江西省
1429,12244.0,241839,32.0044,119.579,江苏省
1430,12245.0,241859,24.7423,114.528,江西省
1431,12247.0,241899,32.2662,119.832,江苏省
1432,12248.0,241919,28.698,117.064,江西省
1433,12250.0,241959,22.6978,113.493,广东省
1434,12251.0,241979,22.0992,113.176,广东省
1435,12252.0,241999,30.9404,118.748,安徽省
1436,12255.0,242019,32.8469,120.308,江苏省
1437,12256.0,242039,24.0546,114.201,广东省
1438,12267.0,242219,23.2071,113.805,广东省
1439,12270.0,242279,22.2953,113.506,广东省
1440,12274.0,242359,32.5083,120.156,江苏省
1441,12276.0,242379,24.9101,114.8,江西省
1442,12277.0,242399,24.3603,114.491,广东省
1443,12280.0,242459,32.0755,119.834,江苏省
1444,12281.0,242479,31.7536,119.583,江苏省
1445,12285.0,242559,27.9271,116.771,江西省
1446,12288.0,242619,23.7231,114.264,广东省
1447,12290.0,242659,32.1787,120.025,江苏省
1448,12291.0,242679,28.2488,117.047,江西省
1449,12293.0,242719,31.4257,119.465,江苏省
1450,12296.0,242779,28.9445,117.583,江西省
1451,12297.0,242799,27.5692,116.639,江西省
1452,12299.0,242839,22.1462,113.543,广东省
1453,12301.0,242859,28.288,117.194,江西省
1454,12302.0,242879,26.4822,116.013,江西省
1455,12303.0,242899,32.5336,120.453,江苏省
1456,12304.0,242919,32.2305,120.208,江苏省
1457,12305.0,242939,27.2173,116.521,江西省
1458,12308.0,242979,24.7767,115.019,江西省
1459,12309.0,242999,31.7469,119.983,江苏省
1460,12313.0,243079,30.6244,118.97,安徽省
1461,12314.0,243099,26.8409,116.322,江西省
1462,12317.0,243159,29.7064,118.308,安徽省
1463,12318.0,243179,29.8756,118.431,安徽省
1464,12320.0,243219,24.4505,114.931,广东省
1465,12321.0,243239,23.1756,114.276,广东省
1466,12322.0,243259,28.3969,117.433,江西省
1467,12326.0,243339,32.3995,120.562,江苏省
1468,12327.0,243359,25.1346,115.384,江西省
1469,12331.0,243439,32.0061,120.255,江苏省
1470,12333.0,243479,22.3411,114.118,香港 Hong Kong
1471,12334.0,243499,31.9024,120.244,江苏省
1472,12335.0,243519,23.7143,114.681,广东省
1473,12337.0,243539,23.5811,114.608,广东省
1474,12338.0,243559,23.0814,114.403,广东省
1475,12339.0,243579,30.8935,119.423,安徽省
1476,12340.0,243599,22.2918,113.937,香港 Hong Kong
1477,12343.0,243659,28.4134,117.59,江西省
1478,12344.0,243679,31.3752,119.82,江苏省
1479,12349.0,243759,22.4443,114.186,香港 Hong Kong
1480,12351.0,243799,27.2864,116.908,江西省
1481,12352.0,243819,25.8806,116.04,江西省
1482,12354.0,243859,31.2667,119.837,江苏省
1483,12356.0,243899,31.4132,120.59,江苏省
1484,12357.0,243919,26.3226,116.335,江西省
1485,12358.0,243939,31.8773,120.476,江苏省
1486,12359.0,243959,31.7604,120.249,江苏省
1487,12361.0,243999,22.5824,114.269,广东省
1488,12369.0,244139,24.9587,115.645,江西省
1489,12370.0,244159,22.6212,114.396,广东省
1490,12371.0,244179,28.4519,117.943,江西省
1491,12375.0,244259,24.1005,115.245,广东省
1492,12376.0,244279,31.9691,120.634,江苏省
1493,12377.0,244299,32.0411,120.892,江苏省
1494,12382.0,244379,31.0111,119.921,浙江省
1495,12386.0,244459,30.637,119.661,浙江省
1496,12389.0,244499,25.8477,116.364,福建省
1497,12390.0,244519,28.6898,118.253,江西省
1498,12391.0,244539,26.2652,116.649,福建省
1499,12394.0,244599,31.8023,120.646,江苏省
1500,12395.0,244619,28.4315,118.166,江西省
1501,12397.0,244659,23.6326,115.182,广东省
1502,12398.0,244679,32.309,121.169,江苏省
1503,12399.0,244699,29.6105,119.056,浙江省
1504,12402.0,244739,25.0932,116.094,福建省
1505,12403.0,244759,31.6554,120.766,江苏省
1506,12404.0,244779,27.3404,117.504,福建省
1507,12405.0,244799,30.8698,120.127,浙江省
1508,12406.0,244819,31.9139,120.94,江苏省
1509,12407.0,244839,31.4937,120.656,江苏省
1510,12409.0,244879,22.7981,114.911,广东省
1511,12412.0,244939,31.9719,121.064,江苏省
1512,12415.0,244979,24.0654,115.615,广东省
1513,12417.0,244999,31.7307,120.909,江苏省
1514,12418.0,245019,30.2262,119.704,浙江省
1515,12419.0,245039,24.1369,115.733,广东省
1516,12420.0,245059,22.7424,114.95,广东省
1517,12422.0,245099,30.5465,119.963,浙江省
1518,12423.0,245119,28.7316,118.617,浙江省
1519,12424.0,245139,28.9513,118.881,浙江省
1520,12426.0,245159,27.7404,118.015,福建省
1521,12428.0,245199,31.8927,121.199,江苏省
1522,12429.0,245219,29.4742,119.284,浙江省
1523,12430.0,245239,24.6521,116.157,广东省
1524,12433.0,245299,25.0533,116.407,福建省
1525,12434.0,245319,23.9157,115.763,广东省
1526,12436.0,245359,30.8782,120.414,浙江省
1527,12437.0,245379,22.8973,115.209,广东省
1528,12441.0,245419,23.7019,115.674,广东省
1529,12442.0,245439,30.2252,120.318,浙江省
1530,12443.0,245459,24.3038,116.093,广东省
1531,12447.0,245519,31.5668,121.058,江苏省
1532,12448.0,245539,29.7944,119.69,浙江省
1533,12449.0,245559,23.0591,115.394,广东省
1534,12452.0,245619,30.0406,119.953,浙江省
1535,12454.0,245659,30.8996,120.655,江苏省
1536,12455.0,245679,22.7825,115.369,广东省
1537,12456.0,245699,31.1932,121.427,上海|上海
1538,12457.0,245719,32.0594,121.605,江苏省
1539,12459.0,245739,27.3396,118.114,福建省
1540,12460.0,245759,29.2262,119.449,浙江省
1541,12461.0,245779,31.0311,120.819,江苏省
1542,12463.0,245799,27.9242,118.537,福建省
1543,12464.0,245819,30.6447,120.576,浙江省
1544,12466.0,245839,22.9422,115.645,广东省
1545,12467.0,245859,30.7654,120.75,浙江省
1546,12469.0,245879,31.6221,121.419,上海|上海
1547,12470.0,245899,25.977,117.37,福建省
1548,12473.0,245959,23.7648,116.168,广东省
1549,12475.0,245999,31.8226,121.674,江苏省
1550,12476.0,246019,26.2426,117.612,福建省
1551,12477.0,246039,29.0973,119.629,浙江省
1552,12479.0,246079,30.413,120.558,浙江省
1553,12480.0,246099,30.848,120.924,浙江省
1554,12481.0,246119,30.5272,120.687,浙江省
1555,12482.0,246139,29.4531,119.92,浙江省
1556,12483.0,246159,25.1013,117.02,福建省
1557,12484.0,246179,26.3909,117.783,福建省
1558,12485.0,246199,28.6022,119.286,浙江省
1559,12486.0,246219,23.4294,116.463,广东省
1560,12488.0,246259,29.7165,120.207,浙江省
1561,12489.0,246279,29.9268,120.327,浙江省
1562,12490.0,246299,22.8168,115.824,广东省
1563,12492.0,246339,27.0285,118.309,福建省
1564,12495.0,246379,30.729,121.01,浙江省
1565,12496.0,246399,24.3556,116.691,广东省
1566,12497.0,246419,23.0697,115.98,广东省
1567,12498.0,246439,29.2617,119.917,浙江省
1568,12499.0,246459,30.8965,121.19,上海|上海
1569,12502.0,246519,26.6372,118.172,福建省
1570,12503.0,246539,22.9512,116.002,广东省
1571,12504.0,246559,30.5223,120.932,浙江省
1572,12505.0,246579,28.0704,119.123,浙江省
1573,12507.0,246619,29.2979,120.107,浙江省
1574,12508.0,246639,30.9439,121.294,上海|上海
1575,12512.0,246719,29.7994,120.427,浙江省
1576,12513.0,246739,22.8699,116.069,广东省
1577,12515.0,246759,29.1996,120.015,浙江省
1578,12516.0,246779,25.3013,117.414,福建省
1579,12517.0,246799,28.4543,119.485,浙江省
1580,12520.0,246839,28.8948,119.828,浙江省
1581,12521.0,246859,30.8542,121.335,上海|上海
1582,12522.0,246879,22.9939,116.185,广东省
1583,12527.0,246959,30.7326,121.329,上海|上海
1584,12528.0,246979,28.8976,120.018,浙江省
1585,12529.0,246999,24.0932,116.873,广东省
1586,12530.0,247019,22.9696,116.306,广东省
1587,12531.0,247039,30.0079,120.856,浙江省
1588,12532.0,247059,26.1808,118.197,福建省
1589,12535.0,247079,30.1456,121.229,浙江省
1590,12539.0,247139,29.1619,120.299,浙江省
1591,12541.0,247159,28.1018,119.555,浙江省
1592,12544.0,247199,28.7381,120.06,浙江省
1593,12547.0,247259,24.518,117.365,福建省
1594,12549.0,247299,28.4585,119.926,浙江省
1595,12550.0,247319,24.3881,117.32,福建省
1596,12551.0,247339,23.6601,116.946,广东省
1597,12554.0,247379,30.9095,121.813,上海|上海
1598,12555.0,247399,28.6479,120.078,浙江省
1599,12557.0,247439,30.2893,121.337,浙江省
1600,12558.0,247459,29.5831,120.838,浙江省
1601,12560.0,247479,26.5784,118.741,福建省
1602,12566.0,247599,29.511,120.893,浙江省
1603,12567.0,247619,24.5121,117.671,福建省
1604,12568.0,247639,23.7081,117.17,福建省
1605,12570.0,247679,25.4855,118.223,福建省
1606,12572.0,247719,23.9452,117.348,福建省
1607,12575.0,247779,25.321,118.281,福建省
1608,12577.0,247799,24.438,117.824,福建省
1609,12579.0,247839,27.5547,119.718,浙江省
1610,12580.0,247859,24.1225,117.614,福建省
1611,12581.0,247879,25.0608,118.171,福建省
1612,12582.0,247899,29.868,121.57,浙江省
1613,12583.0,247919,29.695,121.286,浙江省
1614,12584.0,247939,24.5668,118.068,福建省
1615,12586.0,247979,28.854,120.728,浙江省
1616,12587.0,247999,23.7393,117.51,福建省
1617,12590.0,248059,29.6748,121.413,浙江省
1618,12591.0,248079,29.1386,121.026,浙江省
1619,12592.0,248099,28.1374,120.29,浙江省
1620,12594.0,248139,25.0002,118.273,福建省
1621,12595.0,248159,27.7923,120.084,浙江省
1622,12596.0,248179,27.0947,119.648,福建省
1623,12598.0,248219,28.1397,120.366,浙江省
1624,12602.0,248299,24.9975,118.372,福建省
1625,12606.0,248379,25.3812,118.701,福建省
1626,12607.0,248399,25.1437,118.477,福建省
1627,12608.0,248419,24.6534,118.244,福建省
1628,12610.0,248459,28.1562,120.481,浙江省
1629,12611.0,248479,29.9154,121.821,浙江省
1630,12614.0,248519,25.0611,118.498,福建省
1631,12617.0,248579,26.6631,119.536,福建省
1632,12618.0,248599,24.8949,118.397,福建省
1633,12620.0,248639,26.0608,119.293,福建省
1634,12623.0,248699,24.766,118.557,福建省
1635,12626.0,248759,29.3179,121.433,浙江省
1636,12627.0,248779,28.8591,121.155,浙江省
1637,12629.0,248819,30.2482,122.204,浙江省
1638,12632.0,248879,27.9123,120.669,浙江省
1639,12633.0,248899,29.1058,121.35,浙江省
1640,12634.0,248919,26.4955,119.543,福建省
1641,12635.0,248939,28.1453,120.676,浙江省
1642,12636.0,248959,27.6346,120.328,浙江省
1643,12637.0,248979,30.0004,122.147,浙江省
1644,12638.0,248999,27.7777,120.453,浙江省
1645,12639.0,249019,25.4272,119.058,福建省
1646,12640.0,249039,25.2587,118.882,福建省
1647,12642.0,249079,27.3087,120.201,福建省
1648,12645.0,249139,25.0087,118.827,福建省
1649,12647.0,249179,27.5084,120.404,浙江省
1650,12648.0,249199,26.8796,119.994,福建省
1651,12649.0,249219,26.208,119.542,福建省
1652,12650.0,249239,25.143,118.914,福建省
1653,12651.0,249259,28.6537,121.252,浙江省
1654,12654.0,249299,25.9556,119.447,福建省
1655,12656.0,249339,28.0895,120.944,浙江省
1656,12657.0,249359,27.679,120.559,浙江省
1657,12661.0,249419,29.4679,121.884,浙江省
1658,12662.0,249439,25.7165,119.354,福建省
1659,12667.0,249539,29.9557,122.298,浙江省
1660,12669.0,249559,28.4026,121.156,浙江省
1661,12670.0,249579,27.4704,120.582,浙江省
1662,12671.0,249599,24.8917,118.926,福建省
1663,12672.0,249619,28.5765,121.38,浙江省
1664,12674.0,249639,28.7451,121.522,浙江省
1665,12677.0,249679,28.4084,121.36,浙江省
1666,12679.0,249719,29.2101,121.934,浙江省
1667,12680.0,249739,28.0902,121.158,浙江省
1668,12682.0,249759,28.2291,121.296,浙江省
1669,12683.0,249779,28.1088,121.253,浙江省
1670,12684.0,249799,28.5127,121.522,浙江省
1671,12689.0,249899,27.8416,121.152,浙江省
1672,12694.0,249959,25.5011,119.817,福建省
